algorithm,app,bw_level,ipath_0,ipath_1,node_count,power_cap,runtime,thread_count
pak,cg,3,0,0,512,115,34.38,16
rand,cg,3,0,0,512,115,37.17,16
spr,cg,3,0,0,512,115,36.46,16
pak,cg,3,0,0,512,115,44.63,24
rand,cg,3,0,0,512,115,46.57,24
spr,cg,3,0,0,512,115,46.58,24
pak,cg,4,0,1,512,115,33.85,16
rand,cg,4,0,1,512,115,33.60,16
spr,cg,4,0,1,512,115,34.33,16
pak,cg,4,0,1,512,115,44.53,24
rand,cg,4,0,1,512,115,44.44,24
spr,cg,4,0,1,512,115,44.70,24
pak,cg,5,0,2,512,115,33.61,16
rand,cg,5,0,2,512,115,33.56,16
spr,cg,5,0,2,512,115,34.75,16
pak,cg,5,0,2,512,115,44.62,24
rand,cg,5,0,2,512,115,44.38,24
spr,cg,5,0,2,512,115,44.75,24
pak,cg,2,1,0,512,115,39.33,16
rand,cg,2,1,0,512,115,45.38,16
spr,cg,2,1,0,512,115,42.12,16
pak,cg,2,1,0,512,115,47.38,24
rand,cg,2,1,0,512,115,59.54,24
spr,cg,2,1,0,512,115,52.14,24
pak,cg,1,2,0,512,115,40.55,16
rand,cg,1,2,0,512,115,68.21,16
spr,cg,1,2,0,512,115,50.43,16
pak,cg,1,2,0,512,115,47.91,24
rand,cg,1,2,0,512,115,86.15,24
spr,cg,1,2,0,512,115,65.11,24
pak,cg,3,0,0,512,64,35.76,16
rand,cg,3,0,0,512,64,39.26,16
spr,cg,3,0,0,512,64,38.13,16
pak,cg,3,0,0,512,64,48.00,24
rand,cg,3,0,0,512,64,51.08,24
spr,cg,3,0,0,512,64,50.45,24
pak,cg,4,0,1,512,64,35.33,16
rand,cg,4,0,1,512,64,35.03,16
spr,cg,4,0,1,512,64,34.91,16
pak,cg,4,0,1,512,64,47.78,24
rand,cg,4,0,1,512,64,48.39,24
spr,cg,4,0,1,512,64,48.90,24
pak,cg,5,0,2,512,64,35.00,16
rand,cg,5,0,2,512,64,35.47,16
spr,cg,5,0,2,512,64,35.08,16
pak,cg,5,0,2,512,64,47.79,24
rand,cg,5,0,2,512,64,48.65,24
spr,cg,5,0,2,512,64,48.90,24
pak,cg,2,1,0,512,64,40.85,16
rand,cg,2,1,0,512,64,48.80,16
spr,cg,2,1,0,512,64,43.43,16
pak,cg,2,1,0,512,64,50.73,24
rand,cg,2,1,0,512,64,61.31,24
spr,cg,2,1,0,512,64,56.04,24
pak,cg,1,2,0,512,64,42.04,16
rand,cg,1,2,0,512,64,69.82,16
spr,cg,1,2,0,512,64,51.73,16
pak,cg,1,2,0,512,64,51.39,24
rand,cg,1,2,0,512,64,68.65,24
spr,cg,1,2,0,512,64,69.49,24
pak,cg,3,0,0,512,80,34.59,16
rand,cg,3,0,0,512,80,36.52,16
spr,cg,3,0,0,512,80,36.48,16
pak,cg,3,0,0,512,80,45.58,24
rand,cg,3,0,0,512,80,47.56,24
spr,cg,3,0,0,512,80,47.68,24
pak,cg,4,0,1,512,80,33.88,16
rand,cg,4,0,1,512,80,33.32,16
spr,cg,4,0,1,512,80,33.60,16
pak,cg,4,0,1,512,80,45.36,24
rand,cg,4,0,1,512,80,45.91,24
spr,cg,4,0,1,512,80,46.08,24
pak,cg,5,0,2,512,80,33.65,16
rand,cg,5,0,2,512,80,33.61,16
spr,cg,5,0,2,512,80,33.36,16
pak,cg,5,0,2,512,80,45.37,24
rand,cg,5,0,2,512,80,45.61,24
spr,cg,5,0,2,512,80,45.85,24
pak,cg,2,1,0,512,80,39.31,16
rand,cg,2,1,0,512,80,42.06,16
spr,cg,2,1,0,512,80,42.07,16
pak,cg,2,1,0,512,80,48.29,24
rand,cg,2,1,0,512,80,54.85,24
spr,cg,2,1,0,512,80,53.26,24
pak,cg,1,2,0,512,80,40.58,16
rand,cg,1,2,0,512,80,64.20,16
spr,cg,1,2,0,512,80,50.37,16
pak,cg,1,2,0,512,80,48.92,24
rand,cg,1,2,0,512,80,64.09,24
spr,cg,1,2,0,512,80,66.61,24
pak,cg,3,0,0,1024,115,27.51,16
pak,cg,3,0,0,1024,115,27.49,16
pak,cg,3,0,0,1024,115,27.50,16
rand,cg,3,0,0,1024,115,29.48,16
rand,cg,3,0,0,1024,115,30.90,16
rand,cg,3,0,0,1024,115,30.09,16
spr,cg,3,0,0,1024,115,27.48,16
spr,cg,3,0,0,1024,115,27.37,16
spr,cg,3,0,0,1024,115,27.38,16
pak,cg,3,0,0,1024,115,33.29,20
pak,cg,3,0,0,1024,115,33.36,20
pak,cg,3,0,0,1024,115,33.25,20
rand,cg,3,0,0,1024,115,35.88,20
rand,cg,3,0,0,1024,115,35.52,20
rand,cg,3,0,0,1024,115,34.86,20
spr,cg,3,0,0,1024,115,33.87,20
spr,cg,3,0,0,1024,115,33.78,20
spr,cg,3,0,0,1024,115,33.67,20
pak,cg,3,0,0,1024,115,35.55,24
pak,cg,3,0,0,1024,115,35.67,24
pak,cg,3,0,0,1024,115,35.66,24
rand,cg,3,0,0,1024,115,36.85,24
rand,cg,3,0,0,1024,115,37.93,24
rand,cg,3,0,0,1024,115,37.39,24
spr,cg,3,0,0,1024,115,36.30,24
spr,cg,3,0,0,1024,115,36.26,24
spr,cg,3,0,0,1024,115,36.25,24
pak,cg,4,0,1,1024,115,26.28,16
pak,cg,4,0,1,1024,115,26.32,16
pak,cg,4,0,1,1024,115,26.34,16
rand,cg,4,0,1,1024,115,26.33,16
rand,cg,4,0,1,1024,115,26.01,16
rand,cg,4,0,1,1024,115,26.24,16
spr,cg,4,0,1,1024,115,26.78,16
spr,cg,4,0,1,1024,115,26.78,16
spr,cg,4,0,1,1024,115,26.81,16
pak,cg,4,0,1,1024,115,32.60,20
pak,cg,4,0,1,1024,115,32.60,20
pak,cg,4,0,1,1024,115,32.62,20
rand,cg,4,0,1,1024,115,32.60,20
rand,cg,4,0,1,1024,115,32.65,20
rand,cg,4,0,1,1024,115,32.60,20
spr,cg,4,0,1,1024,115,33.02,20
spr,cg,4,0,1,1024,115,33.03,20
spr,cg,4,0,1,1024,115,33.08,20
pak,cg,4,0,1,1024,115,35.41,24
pak,cg,4,0,1,1024,115,35.33,24
pak,cg,4,0,1,1024,115,35.24,24
rand,cg,4,0,1,1024,115,35.06,24
rand,cg,4,0,1,1024,115,35.23,24
rand,cg,4,0,1,1024,115,35.54,24
spr,cg,4,0,1,1024,115,35.71,24
spr,cg,4,0,1,1024,115,35.71,24
spr,cg,4,0,1,1024,115,35.70,24
pak,cg,5,0,2,1024,115,26.20,16
pak,cg,5,0,2,1024,115,26.24,16
pak,cg,5,0,2,1024,115,26.24,16
rand,cg,5,0,2,1024,115,25.98,16
rand,cg,5,0,2,1024,115,26.11,16
rand,cg,5,0,2,1024,115,26.19,16
spr,cg,5,0,2,1024,115,26.70,16
spr,cg,5,0,2,1024,115,26.79,16
spr,cg,5,0,2,1024,115,26.90,16
pak,cg,5,0,2,1024,115,32.61,20
pak,cg,5,0,2,1024,115,32.52,20
pak,cg,5,0,2,1024,115,32.65,20
rand,cg,5,0,2,1024,115,32.61,20
rand,cg,5,0,2,1024,115,32.91,20
rand,cg,5,0,2,1024,115,32.37,20
spr,cg,5,0,2,1024,115,33.14,20
spr,cg,5,0,2,1024,115,33.02,20
spr,cg,5,0,2,1024,115,32.99,20
pak,cg,5,0,2,1024,115,35.31,24
pak,cg,5,0,2,1024,115,35.18,24
pak,cg,5,0,2,1024,115,35.24,24
rand,cg,5,0,2,1024,115,35.35,24
rand,cg,5,0,2,1024,115,35.22,24
rand,cg,5,0,2,1024,115,35.38,24
spr,cg,5,0,2,1024,115,35.62,24
spr,cg,5,0,2,1024,115,35.60,24
spr,cg,5,0,2,1024,115,35.69,24
pak,cg,2,1,0,1024,115,32.11,16
pak,cg,2,1,0,1024,115,32.19,16
pak,cg,2,1,0,1024,115,32.18,16
rand,cg,2,1,0,1024,115,36.80,16
rand,cg,2,1,0,1024,115,35.43,16
rand,cg,2,1,0,1024,115,40.37,16
spr,cg,2,1,0,1024,115,32.24,16
spr,cg,2,1,0,1024,115,32.16,16
spr,cg,2,1,0,1024,115,32.10,16
pak,cg,2,1,0,1024,115,37.43,20
pak,cg,2,1,0,1024,115,37.58,20
pak,cg,2,1,0,1024,115,37.45,20
rand,cg,2,1,0,1024,115,45.68,20
rand,cg,2,1,0,1024,115,42.87,20
rand,cg,2,1,0,1024,115,45.38,20
spr,cg,2,1,0,1024,115,37.64,20
spr,cg,2,1,0,1024,115,37.46,20
spr,cg,2,1,0,1024,115,37.62,20
pak,cg,2,1,0,1024,115,40.56,24
pak,cg,2,1,0,1024,115,40.73,24
pak,cg,2,1,0,1024,115,40.52,24
rand,cg,2,1,0,1024,115,43.33,24
rand,cg,2,1,0,1024,115,44.88,24
rand,cg,2,1,0,1024,115,44.35,24
spr,cg,2,1,0,1024,115,39.95,24
spr,cg,2,1,0,1024,115,39.86,24
spr,cg,2,1,0,1024,115,39.91,24
pak,cg,1,2,0,1024,115,34.79,16
pak,cg,1,2,0,1024,115,34.76,16
pak,cg,1,2,0,1024,115,35.88,16
rand,cg,1,2,0,1024,115,65.90,16
rand,cg,1,2,0,1024,115,56.27,16
rand,cg,1,2,0,1024,115,82.08,16
spr,cg,1,2,0,1024,115,46.33,16
spr,cg,1,2,0,1024,115,46.20,16
spr,cg,1,2,0,1024,115,53.55,16
pak,cg,1,2,0,1024,115,40.62,20
pak,cg,1,2,0,1024,115,40.52,20
pak,cg,1,2,0,1024,115,40.59,20
rand,cg,1,2,0,1024,115,65.79,20
rand,cg,1,2,0,1024,115,97.59,20
rand,cg,1,2,0,1024,115,73.94,20
spr,cg,1,2,0,1024,115,51.55,20
spr,cg,1,2,0,1024,115,51.57,20
spr,cg,1,2,0,1024,115,51.59,20
pak,cg,1,2,0,1024,115,42.74,24
pak,cg,1,2,0,1024,115,42.74,24
pak,cg,1,2,0,1024,115,42.73,24
rand,cg,1,2,0,1024,115,71.14,24
rand,cg,1,2,0,1024,115,73.62,24
rand,cg,1,2,0,1024,115,67.56,24
spr,cg,1,2,0,1024,115,54.32,24
spr,cg,1,2,0,1024,115,54.44,24
spr,cg,1,2,0,1024,115,54.33,24
pak,cg,3,0,0,1024,64,28.15,16
pak,cg,3,0,0,1024,64,28.05,16
pak,cg,3,0,0,1024,64,28.11,16
rand,cg,3,0,0,1024,64,30.46,16
rand,cg,3,0,0,1024,64,30.17,16
rand,cg,3,0,0,1024,64,31.49,16
spr,cg,3,0,0,1024,64,28.13,16
spr,cg,3,0,0,1024,64,28.13,16
spr,cg,3,0,0,1024,64,28.10,16
pak,cg,3,0,0,1024,64,34.73,20
pak,cg,3,0,0,1024,64,34.74,20
pak,cg,3,0,0,1024,64,34.70,20
rand,cg,3,0,0,1024,64,35.81,20
rand,cg,3,0,0,1024,64,38.12,20
rand,cg,3,0,0,1024,64,36.57,20
spr,cg,3,0,0,1024,64,35.12,20
spr,cg,3,0,0,1024,64,35.12,20
spr,cg,3,0,0,1024,64,35.17,20
pak,cg,3,0,0,1024,64,38.30,24
pak,cg,3,0,0,1024,64,38.46,24
pak,cg,3,0,0,1024,64,38.29,24
rand,cg,3,0,0,1024,64,40.13,24
rand,cg,3,0,0,1024,64,38.93,24
rand,cg,3,0,0,1024,64,38.80,24
spr,cg,3,0,0,1024,64,38.61,24
spr,cg,3,0,0,1024,64,38.65,24
spr,cg,3,0,0,1024,64,38.66,24
pak,cg,4,0,1,1024,64,27.04,16
pak,cg,4,0,1,1024,64,27.01,16
pak,cg,4,0,1,1024,64,26.97,16
rand,cg,4,0,1,1024,64,27.19,16
rand,cg,4,0,1,1024,64,26.88,16
rand,cg,4,0,1,1024,64,26.78,16
spr,cg,4,0,1,1024,64,27.48,16
spr,cg,4,0,1,1024,64,27.50,16
spr,cg,4,0,1,1024,64,27.64,16
pak,cg,4,0,1,1024,64,34.02,20
pak,cg,4,0,1,1024,64,34.09,20
pak,cg,4,0,1,1024,64,34.10,20
rand,cg,4,0,1,1024,64,33.94,20
rand,cg,4,0,1,1024,64,34.36,20
rand,cg,4,0,1,1024,64,33.90,20
spr,cg,4,0,1,1024,64,34.56,20
spr,cg,4,0,1,1024,64,34.54,20
spr,cg,4,0,1,1024,64,34.30,20
pak,cg,4,0,1,1024,64,37.81,24
pak,cg,4,0,1,1024,64,37.91,24
pak,cg,4,0,1,1024,64,38.12,24
rand,cg,4,0,1,1024,64,37.81,24
rand,cg,4,0,1,1024,64,38.32,24
rand,cg,4,0,1,1024,64,37.90,24
spr,cg,4,0,1,1024,64,38.06,24
spr,cg,4,0,1,1024,64,38.22,24
spr,cg,4,0,1,1024,64,38.29,24
pak,cg,5,0,2,1024,64,27.06,16
pak,cg,5,0,2,1024,64,26.97,16
pak,cg,5,0,2,1024,64,26.94,16
rand,cg,5,0,2,1024,64,27.29,16
rand,cg,5,0,2,1024,64,26.88,16
rand,cg,5,0,2,1024,64,27.11,16
spr,cg,5,0,2,1024,64,27.54,16
spr,cg,5,0,2,1024,64,27.53,16
spr,cg,5,0,2,1024,64,27.54,16
pak,cg,5,0,2,1024,64,34.00,20
pak,cg,5,0,2,1024,64,34.08,20
pak,cg,5,0,2,1024,64,34.05,20
rand,cg,5,0,2,1024,64,34.38,20
rand,cg,5,0,2,1024,64,33.90,20
rand,cg,5,0,2,1024,64,33.97,20
spr,cg,5,0,2,1024,64,34.42,20
spr,cg,5,0,2,1024,64,34.43,20
spr,cg,5,0,2,1024,64,34.35,20
pak,cg,5,0,2,1024,64,37.85,24
pak,cg,5,0,2,1024,64,37.74,24
pak,cg,5,0,2,1024,64,37.98,24
rand,cg,5,0,2,1024,64,37.98,24
rand,cg,5,0,2,1024,64,37.81,24
rand,cg,5,0,2,1024,64,37.89,24
spr,cg,5,0,2,1024,64,38.11,24
spr,cg,5,0,2,1024,64,38.19,24
spr,cg,5,0,2,1024,64,38.35,24
pak,cg,2,1,0,1024,64,32.70,16
pak,cg,2,1,0,1024,64,32.77,16
pak,cg,2,1,0,1024,64,32.71,16
rand,cg,2,1,0,1024,64,37.11,16
rand,cg,2,1,0,1024,64,35.89,16
rand,cg,2,1,0,1024,64,35.87,16
spr,cg,2,1,0,1024,64,32.84,16
spr,cg,2,1,0,1024,64,32.79,16
spr,cg,2,1,0,1024,64,32.76,16
pak,cg,2,1,0,1024,64,38.83,20
pak,cg,2,1,0,1024,64,38.93,20
pak,cg,2,1,0,1024,64,38.84,20
rand,cg,2,1,0,1024,64,46.67,20
rand,cg,2,1,0,1024,64,45.23,20
rand,cg,2,1,0,1024,64,43.06,20
spr,cg,2,1,0,1024,64,38.93,20
spr,cg,2,1,0,1024,64,38.99,20
spr,cg,2,1,0,1024,64,43.11,20
pak,cg,2,1,0,1024,64,42.75,24
pak,cg,2,1,0,1024,64,42.79,24
pak,cg,2,1,0,1024,64,42.82,24
rand,cg,2,1,0,1024,64,49.10,24
rand,cg,2,1,0,1024,64,47.15,24
rand,cg,2,1,0,1024,64,48.72,24
spr,cg,2,1,0,1024,64,42.12,24
spr,cg,2,1,0,1024,64,42.12,24
spr,cg,2,1,0,1024,64,42.07,24
pak,cg,1,2,0,1024,64,34.03,16
pak,cg,1,2,0,1024,64,35.32,16
pak,cg,1,2,0,1024,64,33.60,16
rand,cg,1,2,0,1024,64,66.91,16
rand,cg,1,2,0,1024,64,60.69,16
rand,cg,1,2,0,1024,64,44.45,16
spr,cg,1,2,0,1024,64,46.97,16
spr,cg,1,2,0,1024,64,46.93,16
spr,cg,1,2,0,1024,64,46.99,16
pak,cg,1,2,0,1024,64,41.97,20
pak,cg,1,2,0,1024,64,42.01,20
pak,cg,1,2,0,1024,64,42.09,20
rand,cg,1,2,0,1024,64,82.01,20
rand,cg,1,2,0,1024,64,85.35,20
rand,cg,1,2,0,1024,64,59.51,20
spr,cg,1,2,0,1024,64,53.06,20
spr,cg,1,2,0,1024,64,53.19,20
spr,cg,1,2,0,1024,64,52.93,20
pak,cg,1,2,0,1024,64,44.98,24
pak,cg,1,2,0,1024,64,44.84,24
pak,cg,1,2,0,1024,64,44.70,24
rand,cg,1,2,0,1024,64,76.36,24
rand,cg,1,2,0,1024,64,80.50,24
rand,cg,1,2,0,1024,64,73.37,24
spr,cg,1,2,0,1024,64,56.43,24
spr,cg,1,2,0,1024,64,56.47,24
spr,cg,1,2,0,1024,64,56.44,24
pak,cg,3,0,0,1024,80,27.47,16
pak,cg,3,0,0,1024,80,27.52,16
pak,cg,3,0,0,1024,80,27.56,16
rand,cg,3,0,0,1024,80,30.23,16
rand,cg,3,0,0,1024,80,30.32,16
rand,cg,3,0,0,1024,80,31.40,16
spr,cg,3,0,0,1024,80,27.37,16
spr,cg,3,0,0,1024,80,27.42,16
spr,cg,3,0,0,1024,80,27.43,16
pak,cg,3,0,0,1024,80,33.74,20
pak,cg,3,0,0,1024,80,33.41,20
pak,cg,3,0,0,1024,80,33.65,20
rand,cg,3,0,0,1024,80,35.81,20
rand,cg,3,0,0,1024,80,34.35,20
rand,cg,3,0,0,1024,80,35.94,20
spr,cg,3,0,0,1024,80,34.17,20
spr,cg,3,0,0,1024,80,34.09,20
spr,cg,3,0,0,1024,80,34.04,20
pak,cg,3,0,0,1024,80,36.23,24
pak,cg,3,0,0,1024,80,36.39,24
pak,cg,3,0,0,1024,80,36.27,24
rand,cg,3,0,0,1024,80,37.65,24
rand,cg,3,0,0,1024,80,38.32,24
rand,cg,3,0,0,1024,80,38.44,24
spr,cg,3,0,0,1024,80,36.93,24
spr,cg,3,0,0,1024,80,36.92,24
spr,cg,3,0,0,1024,80,36.86,24
pak,cg,4,0,1,1024,80,26.28,16
pak,cg,4,0,1,1024,80,26.27,16
pak,cg,4,0,1,1024,80,26.27,16
rand,cg,4,0,1,1024,80,26.16,16
rand,cg,4,0,1,1024,80,26.13,16
rand,cg,4,0,1,1024,80,26.09,16
spr,cg,4,0,1,1024,80,26.79,16
spr,cg,4,0,1,1024,80,26.77,16
spr,cg,4,0,1,1024,80,26.77,16
pak,cg,4,0,1,1024,80,33.00,20
pak,cg,4,0,1,1024,80,32.96,20
pak,cg,4,0,1,1024,80,32.87,20
rand,cg,4,0,1,1024,80,32.80,20
rand,cg,4,0,1,1024,80,32.96,20
rand,cg,4,0,1,1024,80,32.73,20
spr,cg,4,0,1,1024,80,33.35,20
spr,cg,4,0,1,1024,80,33.30,20
spr,cg,4,0,1,1024,80,33.34,20
pak,cg,4,0,1,1024,80,35.91,24
pak,cg,4,0,1,1024,80,35.86,24
pak,cg,4,0,1,1024,80,35.95,24
rand,cg,4,0,1,1024,80,36.31,24
rand,cg,4,0,1,1024,80,36.43,24
rand,cg,4,0,1,1024,80,35.87,24
spr,cg,4,0,1,1024,80,36.25,24
spr,cg,4,0,1,1024,80,36.37,24
spr,cg,4,0,1,1024,80,36.32,24
pak,cg,5,0,2,1024,80,26.27,16
pak,cg,5,0,2,1024,80,26.23,16
pak,cg,5,0,2,1024,80,26.30,16
rand,cg,5,0,2,1024,80,26.19,16
rand,cg,5,0,2,1024,80,26.33,16
rand,cg,5,0,2,1024,80,26.51,16
spr,cg,5,0,2,1024,80,26.78,16
spr,cg,5,0,2,1024,80,26.78,16
spr,cg,5,0,2,1024,80,26.78,16
pak,cg,5,0,2,1024,80,32.90,20
pak,cg,5,0,2,1024,80,32.95,20
pak,cg,5,0,2,1024,80,32.86,20
rand,cg,5,0,2,1024,80,32.76,20
rand,cg,5,0,2,1024,80,32.94,20
rand,cg,5,0,2,1024,80,32.91,20
spr,cg,5,0,2,1024,80,33.35,20
spr,cg,5,0,2,1024,80,33.24,20
spr,cg,5,0,2,1024,80,33.45,20
pak,cg,5,0,2,1024,80,35.88,24
pak,cg,5,0,2,1024,80,35.92,24
pak,cg,5,0,2,1024,80,35.85,24
rand,cg,5,0,2,1024,80,35.84,24
rand,cg,5,0,2,1024,80,35.62,24
rand,cg,5,0,2,1024,80,36.08,24
spr,cg,5,0,2,1024,80,36.31,24
spr,cg,5,0,2,1024,80,36.25,24
spr,cg,5,0,2,1024,80,36.27,24
pak,cg,2,1,0,1024,80,32.13,16
pak,cg,2,1,0,1024,80,32.24,16
pak,cg,2,1,0,1024,80,32.10,16
rand,cg,2,1,0,1024,80,35.14,16
rand,cg,2,1,0,1024,80,34.05,16
rand,cg,2,1,0,1024,80,34.24,16
spr,cg,2,1,0,1024,80,32.20,16
spr,cg,2,1,0,1024,80,32.11,16
spr,cg,2,1,0,1024,80,32.11,16
pak,cg,2,1,0,1024,80,37.76,20
pak,cg,2,1,0,1024,80,37.84,20
pak,cg,2,1,0,1024,80,37.76,20
rand,cg,2,1,0,1024,80,42.76,20
rand,cg,2,1,0,1024,80,41.72,20
rand,cg,2,1,0,1024,80,48.17,20
spr,cg,2,1,0,1024,80,37.85,20
spr,cg,2,1,0,1024,80,37.87,20
spr,cg,2,1,0,1024,80,37.92,20
pak,cg,2,1,0,1024,80,41.25,24
pak,cg,2,1,0,1024,80,41.20,24
pak,cg,2,1,0,1024,80,41.24,24
rand,cg,2,1,0,1024,80,49.11,24
rand,cg,2,1,0,1024,80,47.11,24
rand,cg,2,1,0,1024,80,46.87,24
spr,cg,2,1,0,1024,80,40.58,24
spr,cg,2,1,0,1024,80,40.53,24
spr,cg,2,1,0,1024,80,40.63,24
pak,cg,1,2,0,1024,80,34.73,16
pak,cg,1,2,0,1024,80,34.71,16
pak,cg,1,2,0,1024,80,34.80,16
rand,cg,1,2,0,1024,80,58.23,16
rand,cg,1,2,0,1024,80,70.85,16
rand,cg,1,2,0,1024,80,56.90,16
spr,cg,1,2,0,1024,80,46.29,16
spr,cg,1,2,0,1024,80,46.07,16
spr,cg,1,2,0,1024,80,46.28,16
pak,cg,1,2,0,1024,80,40.93,20
pak,cg,1,2,0,1024,80,40.94,20
pak,cg,1,2,0,1024,80,40.96,20
rand,cg,1,2,0,1024,80,77.17,20
rand,cg,1,2,0,1024,80,95.11,20
rand,cg,1,2,0,1024,80,68.58,20
spr,cg,1,2,0,1024,80,51.88,20
spr,cg,1,2,0,1024,80,51.93,20
spr,cg,1,2,0,1024,80,51.83,20
pak,cg,1,2,0,1024,80,43.35,24
pak,cg,1,2,0,1024,80,43.33,24
pak,cg,1,2,0,1024,80,43.31,24
rand,cg,1,2,0,1024,80,98.13,24
rand,cg,1,2,0,1024,80,77.94,24
rand,cg,1,2,0,1024,80,88.05,24
spr,cg,1,2,0,1024,80,55.13,24
spr,cg,1,2,0,1024,80,54.72,24
spr,cg,1,2,0,1024,80,55.03,24
pak,cg,3,0,0,2048,115,16.83,16
rand,cg,3,0,0,2048,115,18.84,16
spr,cg,3,0,0,2048,115,16.64,16
pak,cg,3,0,0,2048,115,19.87,20
rand,cg,3,0,0,2048,115,21.45,20
spr,cg,3,0,0,2048,115,20.27,20
pak,cg,3,0,0,2048,115,22.72,24
rand,cg,3,0,0,2048,115,23.78,24
spr,cg,3,0,0,2048,115,23.24,24
pak,cg,4,0,1,2048,115,14.46,16
rand,cg,4,0,1,2048,115,15.25,16
spr,cg,4,0,1,2048,115,15.05,16
pak,cg,4,0,1,2048,115,19.30,20
rand,cg,4,0,1,2048,115,19.62,20
spr,cg,4,0,1,2048,115,19.38,20
pak,cg,4,0,1,2048,115,21.82,24
rand,cg,4,0,1,2048,115,21.67,24
spr,cg,4,0,1,2048,115,22.16,24
pak,cg,5,0,2,2048,115,14.49,16
rand,cg,5,0,2,2048,115,14.84,16
spr,cg,5,0,2,2048,115,14.98,16
pak,cg,5,0,2,2048,115,19.28,20
rand,cg,5,0,2,2048,115,20.24,20
spr,cg,5,0,2,2048,115,19.39,20
pak,cg,5,0,2,2048,115,21.76,24
rand,cg,5,0,2,2048,115,22.04,24
spr,cg,5,0,2,2048,115,22.06,24
pak,cg,2,1,0,2048,115,22.34,16
rand,cg,2,1,0,2048,115,25.58,16
spr,cg,2,1,0,2048,115,22.27,16
pak,cg,2,1,0,2048,115,24.87,20
rand,cg,2,1,0,2048,115,28.81,20
spr,cg,2,1,0,2048,115,25.68,20
pak,cg,2,1,0,2048,115,27.81,24
rand,cg,2,1,0,2048,115,31.17,24
spr,cg,2,1,0,2048,115,28.02,24
pak,cg,1,2,0,2048,115,33.22,16
rand,cg,1,2,0,2048,115,47.13,16
spr,cg,1,2,0,2048,115,35.63,16
pak,cg,1,2,0,2048,115,29.34,20
rand,cg,1,2,0,2048,115,45.16,20
spr,cg,1,2,0,2048,115,34.35,20
pak,cg,1,2,0,2048,115,31.93,24
rand,cg,1,2,0,2048,115,62.62,24
spr,cg,1,2,0,2048,115,37.09,24
pak,cg,3,0,0,2048,64,17.25,16
rand,cg,3,0,0,2048,64,18.30,16
spr,cg,3,0,0,2048,64,17.09,16
pak,cg,3,0,0,2048,64,20.80,20
rand,cg,3,0,0,2048,64,21.93,20
spr,cg,3,0,0,2048,64,21.25,20
pak,cg,3,0,0,2048,64,23.93,24
rand,cg,3,0,0,2048,64,25.16,24
spr,cg,3,0,0,2048,64,24.37,24
pak,cg,4,0,1,2048,64,15.05,16
rand,cg,4,0,1,2048,64,15.40,16
spr,cg,4,0,1,2048,64,15.52,16
pak,cg,4,0,1,2048,64,20.30,20
rand,cg,4,0,1,2048,64,20.48,20
spr,cg,4,0,1,2048,64,20.30,20
pak,cg,4,0,1,2048,64,23.23,24
rand,cg,4,0,1,2048,64,23.26,24
spr,cg,4,0,1,2048,64,23.34,24
pak,cg,5,0,2,2048,64,14.96,16
rand,cg,5,0,2,2048,64,15.11,16
spr,cg,5,0,2,2048,64,15.49,16
pak,cg,5,0,2,2048,64,20.25,20
rand,cg,5,0,2,2048,64,20.31,20
spr,cg,5,0,2,2048,64,20.38,20
pak,cg,5,0,2,2048,64,23.24,24
rand,cg,5,0,2,2048,64,23.26,24
spr,cg,5,0,2,2048,64,23.35,24
pak,cg,2,1,0,2048,64,21.24,16
rand,cg,2,1,0,2048,64,26.26,16
spr,cg,2,1,0,2048,64,22.76,16
pak,cg,2,1,0,2048,64,25.64,20
rand,cg,2,1,0,2048,64,30.64,20
spr,cg,2,1,0,2048,64,26.52,20
pak,cg,2,1,0,2048,64,29.33,24
rand,cg,2,1,0,2048,64,30.78,24
spr,cg,2,1,0,2048,64,28.94,24
pak,cg,1,2,0,2048,64,33.79,16
rand,cg,1,2,0,2048,64,47.64,16
spr,cg,1,2,0,2048,64,35.89,16
pak,cg,1,2,0,2048,64,30.47,20
rand,cg,1,2,0,2048,64,54.10,20
spr,cg,1,2,0,2048,64,35.27,20
pak,cg,1,2,0,2048,64,32.95,24
rand,cg,1,2,0,2048,64,56.25,24
spr,cg,1,2,0,2048,64,38.11,24
pak,cg,3,0,0,2048,80,16.84,16
rand,cg,3,0,0,2048,80,17.74,16
spr,cg,3,0,0,2048,80,16.54,16
pak,cg,3,0,0,2048,80,20.02,20
rand,cg,3,0,0,2048,80,21.99,20
spr,cg,3,0,0,2048,80,20.47,20
pak,cg,3,0,0,2048,80,23.00,24
rand,cg,3,0,0,2048,80,23.61,24
spr,cg,3,0,0,2048,80,23.63,24
pak,cg,4,0,1,2048,80,14.45,16
rand,cg,4,0,1,2048,80,14.54,16
spr,cg,4,0,1,2048,80,15.02,16
pak,cg,4,0,1,2048,80,19.47,20
rand,cg,4,0,1,2048,80,19.69,20
spr,cg,4,0,1,2048,80,19.60,20
pak,cg,4,0,1,2048,80,22.18,24
rand,cg,4,0,1,2048,80,22.08,24
spr,cg,4,0,1,2048,80,22.51,24
pak,cg,5,0,2,2048,80,14.46,16
rand,cg,5,0,2,2048,80,14.59,16
spr,cg,5,0,2,2048,80,14.87,16
pak,cg,5,0,2,2048,80,19.47,20
rand,cg,5,0,2,2048,80,19.98,20
spr,cg,5,0,2,2048,80,19.60,20
pak,cg,5,0,2,2048,80,22.12,24
rand,cg,5,0,2,2048,80,22.15,24
spr,cg,5,0,2,2048,80,22.43,24
pak,cg,2,1,0,2048,80,22.31,16
rand,cg,2,1,0,2048,80,26.37,16
spr,cg,2,1,0,2048,80,22.23,16
pak,cg,2,1,0,2048,80,25.06,20
rand,cg,2,1,0,2048,80,29.43,20
spr,cg,2,1,0,2048,80,25.84,20
pak,cg,2,1,0,2048,80,28.10,24
rand,cg,2,1,0,2048,80,30.98,24
spr,cg,2,1,0,2048,80,28.27,24
pak,cg,1,2,0,2048,80,33.32,16
rand,cg,1,2,0,2048,80,41.52,16
spr,cg,1,2,0,2048,80,35.88,16
pak,cg,1,2,0,2048,80,29.83,20
rand,cg,1,2,0,2048,80,60.63,20
spr,cg,1,2,0,2048,80,34.69,20
pak,cg,1,2,0,2048,80,32.21,24
rand,cg,1,2,0,2048,80,66.84,24
spr,cg,1,2,0,2048,80,37.18,24
pak,cg,3,0,0,2048,115,16.78,16
rand,cg,3,0,0,2048,115,17.27,16
spr,cg,3,0,0,2048,115,16.50,16
pak,cg,3,0,0,2048,115,22.53,24
rand,cg,3,0,0,2048,115,24.07,24
spr,cg,3,0,0,2048,115,23.24,24
pak,cg,4,0,1,2048,115,14.59,16
rand,cg,4,0,1,2048,115,14.50,16
spr,cg,4,0,1,2048,115,15.53,16
pak,cg,4,0,1,2048,115,21.76,24
rand,cg,4,0,1,2048,115,22.22,24
spr,cg,4,0,1,2048,115,22.37,24
pak,cg,5,0,2,2048,115,14.51,16
rand,cg,5,0,2,2048,115,14.57,16
spr,cg,5,0,2,2048,115,14.91,16
pak,cg,5,0,2,2048,115,21.80,24
rand,cg,5,0,2,2048,115,21.64,24
spr,cg,5,0,2,2048,115,22.18,24
pak,cg,2,1,0,2048,115,22.29,16
rand,cg,2,1,0,2048,115,26.13,16
spr,cg,2,1,0,2048,115,22.33,16
pak,cg,2,1,0,2048,115,27.95,24
rand,cg,2,1,0,2048,115,29.60,24
spr,cg,2,1,0,2048,115,27.98,24
pak,cg,1,2,0,2048,115,33.36,16
rand,cg,1,2,0,2048,115,39.32,16
spr,cg,1,2,0,2048,115,35.29,16
pak,cg,1,2,0,2048,115,31.82,24
rand,cg,1,2,0,2048,115,55.89,24
spr,cg,1,2,0,2048,115,43.86,24
pak,cg,3,0,0,2048,64,17.24,16
rand,cg,3,0,0,2048,64,17.66,16
spr,cg,3,0,0,2048,64,17.15,16
pak,cg,3,0,0,2048,64,23.94,24
rand,cg,3,0,0,2048,64,24.95,24
spr,cg,3,0,0,2048,64,24.40,24
pak,cg,4,0,1,2048,64,15.00,16
rand,cg,4,0,1,2048,64,15.71,16
spr,cg,4,0,1,2048,64,15.48,16
pak,cg,4,0,1,2048,64,23.18,24
rand,cg,4,0,1,2048,64,23.26,24
spr,cg,4,0,1,2048,64,23.48,24
pak,cg,5,0,2,2048,64,14.99,16
rand,cg,5,0,2,2048,64,15.68,16
spr,cg,5,0,2,2048,64,15.50,16
pak,cg,5,0,2,2048,64,23.21,24
rand,cg,5,0,2,2048,64,23.22,24
spr,cg,5,0,2,2048,64,23.37,24
pak,cg,2,1,0,2048,64,22.89,16
rand,cg,2,1,0,2048,64,23.11,16
spr,cg,2,1,0,2048,64,22.75,16
pak,cg,2,1,0,2048,64,28.81,24
rand,cg,2,1,0,2048,64,33.79,24
spr,cg,2,1,0,2048,64,28.90,24
pak,cg,1,2,0,2048,64,33.58,16
rand,cg,1,2,0,2048,64,37.29,16
spr,cg,1,2,0,2048,64,35.74,16
pak,cg,1,2,0,2048,64,32.90,24
rand,cg,1,2,0,2048,64,60.72,24
spr,cg,1,2,0,2048,64,46.07,24
pak,cg,3,0,0,2048,80,16.78,16
rand,cg,3,0,0,2048,80,16.93,16
spr,cg,3,0,0,2048,80,16.62,16
pak,cg,3,0,0,2048,80,23.08,24
rand,cg,3,0,0,2048,80,25.06,24
spr,cg,3,0,0,2048,80,23.64,24
pak,cg,4,0,1,2048,80,14.47,16
rand,cg,4,0,1,2048,80,15.47,16
spr,cg,4,0,1,2048,80,14.89,16
pak,cg,4,0,1,2048,80,22.15,24
rand,cg,4,0,1,2048,80,22.23,24
spr,cg,4,0,1,2048,80,22.57,24
pak,cg,5,0,2,2048,80,14.41,16
rand,cg,5,0,2,2048,80,14.64,16
spr,cg,5,0,2,2048,80,14.96,16
pak,cg,5,0,2,2048,80,22.13,24
rand,cg,5,0,2,2048,80,22.35,24
spr,cg,5,0,2,2048,80,22.44,24
pak,cg,2,1,0,2048,80,22.50,16
rand,cg,2,1,0,2048,80,22.63,16
spr,cg,2,1,0,2048,80,22.20,16
pak,cg,2,1,0,2048,80,28.07,24
rand,cg,2,1,0,2048,80,32.64,24
spr,cg,2,1,0,2048,80,28.21,24
pak,cg,1,2,0,2048,80,33.38,16
rand,cg,1,2,0,2048,80,51.27,16
spr,cg,1,2,0,2048,80,35.41,16
pak,cg,1,2,0,2048,80,32.29,24
rand,cg,1,2,0,2048,80,51.95,24
spr,cg,1,2,0,2048,80,37.05,24
pak,cg,3,0,0,4096,115,13.47,16
pak,cg,3,0,0,4096,115,13.44,16
rand,cg,3,0,0,4096,115,13.43,16
rand,cg,3,0,0,4096,115,13.45,16
spr,cg,3,0,0,4096,115,13.42,16
spr,cg,3,0,0,4096,115,13.42,16
pak,cg,3,0,0,4096,115,17.93,20
pak,cg,3,0,0,4096,115,17.92,20
rand,cg,3,0,0,4096,115,18.13,20
rand,cg,3,0,0,4096,115,18.30,20
spr,cg,3,0,0,4096,115,18.92,20
spr,cg,3,0,0,4096,115,18.54,20
pak,cg,3,0,0,4096,115,20.45,24
rand,cg,3,0,0,4096,115,21.12,24
spr,cg,3,0,0,4096,115,20.94,24
pak,cg,4,0,1,4096,115,13.52,16
pak,cg,4,0,1,4096,115,13.44,16
rand,cg,4,0,1,4096,115,13.45,16
rand,cg,4,0,1,4096,115,13.41,16
spr,cg,4,0,1,4096,115,13.47,16
spr,cg,4,0,1,4096,115,13.46,16
pak,cg,4,0,1,4096,115,17.80,20
pak,cg,4,0,1,4096,115,17.78,20
rand,cg,4,0,1,4096,115,17.86,20
rand,cg,4,0,1,4096,115,17.74,20
spr,cg,4,0,1,4096,115,18.09,20
spr,cg,4,0,1,4096,115,18.13,20
pak,cg,4,0,1,4096,115,19.85,24
rand,cg,4,0,1,4096,115,19.55,24
spr,cg,4,0,1,4096,115,19.81,24
pak,cg,5,0,2,4096,115,13.42,16
pak,cg,5,0,2,4096,115,13.46,16
rand,cg,5,0,2,4096,115,13.44,16
rand,cg,5,0,2,4096,115,13.42,16
spr,cg,5,0,2,4096,115,13.45,16
spr,cg,5,0,2,4096,115,13.42,16
pak,cg,5,0,2,4096,115,17.78,20
pak,cg,5,0,2,4096,115,17.82,20
rand,cg,5,0,2,4096,115,17.82,20
rand,cg,5,0,2,4096,115,17.85,20
spr,cg,5,0,2,4096,115,18.15,20
spr,cg,5,0,2,4096,115,18.12,20
pak,cg,5,0,2,4096,115,19.79,24
rand,cg,5,0,2,4096,115,19.56,24
spr,cg,5,0,2,4096,115,19.75,24
pak,cg,2,1,0,4096,115,13.57,16
pak,cg,2,1,0,4096,115,13.52,16
rand,cg,2,1,0,4096,115,13.52,16
rand,cg,2,1,0,4096,115,13.52,16
spr,cg,2,1,0,4096,115,13.52,16
spr,cg,2,1,0,4096,115,13.55,16
pak,cg,2,1,0,4096,115,23.07,20
pak,cg,2,1,0,4096,115,23.17,20
rand,cg,2,1,0,4096,115,25.45,20
rand,cg,2,1,0,4096,115,30.54,20
spr,cg,2,1,0,4096,115,24.01,20
spr,cg,2,1,0,4096,115,23.99,20
pak,cg,2,1,0,4096,115,27.41,24
rand,cg,2,1,0,4096,115,29.17,24
spr,cg,2,1,0,4096,115,26.80,24
pak,cg,1,2,0,4096,115,13.52,16
pak,cg,1,2,0,4096,115,13.59,16
rand,cg,1,2,0,4096,115,13.39,16
rand,cg,1,2,0,4096,115,13.53,16
spr,cg,1,2,0,4096,115,13.53,16
spr,cg,1,2,0,4096,115,13.53,16
pak,cg,1,2,0,4096,115,32.16,20
pak,cg,1,2,0,4096,115,32.15,20
rand,cg,1,2,0,4096,115,42.33,20
rand,cg,1,2,0,4096,115,44.01,20
spr,cg,1,2,0,4096,115,32.58,20
spr,cg,1,2,0,4096,115,32.58,20
pak,cg,1,2,0,4096,115,44.49,24
rand,cg,1,2,0,4096,115,49.36,24
spr,cg,1,2,0,4096,115,36.66,24
pak,cg,3,0,0,4096,64,13.76,16
pak,cg,3,0,0,4096,64,13.68,16
rand,cg,3,0,0,4096,64,13.79,16
rand,cg,3,0,0,4096,64,13.77,16
spr,cg,3,0,0,4096,64,13.78,16
spr,cg,3,0,0,4096,64,13.75,16
pak,cg,3,0,0,4096,64,18.51,20
pak,cg,3,0,0,4096,64,18.54,20
rand,cg,3,0,0,4096,64,18.76,20
rand,cg,3,0,0,4096,64,18.69,20
spr,cg,3,0,0,4096,64,19.16,20
spr,cg,3,0,0,4096,64,19.14,20
pak,cg,3,0,0,4096,64,21.48,24
pak,cg,3,0,0,4096,64,21.35,24
rand,cg,3,0,0,4096,64,21.53,24
rand,cg,3,0,0,4096,64,21.69,24
spr,cg,3,0,0,4096,64,22.36,24
spr,cg,3,0,0,4096,64,22.25,24
pak,cg,4,0,1,4096,64,13.81,16
pak,cg,4,0,1,4096,64,13.76,16
rand,cg,4,0,1,4096,64,13.75,16
rand,cg,4,0,1,4096,64,13.78,16
spr,cg,4,0,1,4096,64,13.81,16
spr,cg,4,0,1,4096,64,13.82,16
pak,cg,4,0,1,4096,64,18.45,20
pak,cg,4,0,1,4096,64,18.46,20
rand,cg,4,0,1,4096,64,18.28,20
rand,cg,4,0,1,4096,64,18.49,20
spr,cg,4,0,1,4096,64,18.80,20
spr,cg,4,0,1,4096,64,18.79,20
pak,cg,4,0,1,4096,64,20.98,24
pak,cg,4,0,1,4096,64,20.88,24
rand,cg,4,0,1,4096,64,20.69,24
rand,cg,4,0,1,4096,64,20.91,24
spr,cg,4,0,1,4096,64,21.06,24
spr,cg,4,0,1,4096,64,21.34,24
pak,cg,5,0,2,4096,64,13.78,16
pak,cg,5,0,2,4096,64,13.79,16
rand,cg,5,0,2,4096,64,13.74,16
rand,cg,5,0,2,4096,64,13.77,16
spr,cg,5,0,2,4096,64,13.83,16
spr,cg,5,0,2,4096,64,13.79,16
pak,cg,5,0,2,4096,64,18.47,20
pak,cg,5,0,2,4096,64,18.47,20
rand,cg,5,0,2,4096,64,18.45,20
rand,cg,5,0,2,4096,64,18.54,20
spr,cg,5,0,2,4096,64,18.71,20
spr,cg,5,0,2,4096,64,18.75,20
pak,cg,5,0,2,4096,64,20.90,24
pak,cg,5,0,2,4096,64,20.91,24
rand,cg,5,0,2,4096,64,20.74,24
rand,cg,5,0,2,4096,64,21.00,24
spr,cg,5,0,2,4096,64,21.14,24
spr,cg,5,0,2,4096,64,21.26,24
pak,cg,2,1,0,4096,64,13.91,16
pak,cg,2,1,0,4096,64,13.86,16
rand,cg,2,1,0,4096,64,13.86,16
rand,cg,2,1,0,4096,64,13.87,16
spr,cg,2,1,0,4096,64,13.91,16
spr,cg,2,1,0,4096,64,13.88,16
pak,cg,2,1,0,4096,64,23.61,20
pak,cg,2,1,0,4096,64,23.57,20
rand,cg,2,1,0,4096,64,24.79,20
rand,cg,2,1,0,4096,64,25.17,20
spr,cg,2,1,0,4096,64,24.53,20
spr,cg,2,1,0,4096,64,24.58,20
pak,cg,2,1,0,4096,64,28.26,24
pak,cg,2,1,0,4096,64,28.31,24
rand,cg,2,1,0,4096,64,29.36,24
rand,cg,2,1,0,4096,64,30.62,24
spr,cg,2,1,0,4096,64,27.73,24
spr,cg,2,1,0,4096,64,27.83,24
pak,cg,1,2,0,4096,64,13.88,16
pak,cg,1,2,0,4096,64,13.89,16
rand,cg,1,2,0,4096,64,13.90,16
rand,cg,1,2,0,4096,64,13.87,16
spr,cg,1,2,0,4096,64,13.91,16
spr,cg,1,2,0,4096,64,13.89,16
pak,cg,1,2,0,4096,64,32.76,20
pak,cg,1,2,0,4096,64,32.57,20
rand,cg,1,2,0,4096,64,39.75,20
rand,cg,1,2,0,4096,64,55.43,20
spr,cg,1,2,0,4096,64,33.47,20
spr,cg,1,2,0,4096,64,33.43,20
pak,cg,1,2,0,4096,64,45.30,24
pak,cg,1,2,0,4096,64,45.59,24
rand,cg,1,2,0,4096,64,50.00,24
rand,cg,1,2,0,4096,64,56.06,24
spr,cg,1,2,0,4096,64,37.90,24
spr,cg,1,2,0,4096,64,38.07,24
pak,cg,3,0,0,4096,80,13.46,16
pak,cg,3,0,0,4096,80,13.50,16
rand,cg,3,0,0,4096,80,13.41,16
rand,cg,3,0,0,4096,80,13.50,16
spr,cg,3,0,0,4096,80,13.41,16
spr,cg,3,0,0,4096,80,13.44,16
pak,cg,3,0,0,4096,80,18.03,20
pak,cg,3,0,0,4096,80,18.06,20
rand,cg,3,0,0,4096,80,18.38,20
rand,cg,3,0,0,4096,80,19.07,20
spr,cg,3,0,0,4096,80,18.70,20
spr,cg,3,0,0,4096,80,18.69,20
pak,cg,3,0,0,4096,80,20.80,24
rand,cg,3,0,0,4096,80,21.20,24
spr,cg,3,0,0,4096,80,21.41,24
pak,cg,4,0,1,4096,80,13.42,16
pak,cg,4,0,1,4096,80,13.45,16
rand,cg,4,0,1,4096,80,13.45,16
rand,cg,4,0,1,4096,80,13.48,16
spr,cg,4,0,1,4096,80,13.46,16
spr,cg,4,0,1,4096,80,13.42,16
pak,cg,4,0,1,4096,80,17.95,20
pak,cg,4,0,1,4096,80,17.93,20
rand,cg,4,0,1,4096,80,18.08,20
rand,cg,4,0,1,4096,80,17.94,20
spr,cg,4,0,1,4096,80,18.26,20
spr,cg,4,0,1,4096,80,17.97,20
pak,cg,4,0,1,4096,80,20.20,24
rand,cg,4,0,1,4096,80,19.96,24
spr,cg,4,0,1,4096,80,20.28,24
pak,cg,5,0,2,4096,80,13.49,16
pak,cg,5,0,2,4096,80,13.42,16
rand,cg,5,0,2,4096,80,13.44,16
rand,cg,5,0,2,4096,80,13.43,16
spr,cg,5,0,2,4096,80,13.44,16
spr,cg,5,0,2,4096,80,13.51,16
pak,cg,5,0,2,4096,80,17.89,20
pak,cg,5,0,2,4096,80,17.94,20
rand,cg,5,0,2,4096,80,18.02,20
rand,cg,5,0,2,4096,80,18.01,20
spr,cg,5,0,2,4096,80,18.05,20
spr,cg,5,0,2,4096,80,18.26,20
pak,cg,5,0,2,4096,80,20.18,24
rand,cg,5,0,2,4096,80,19.99,24
spr,cg,5,0,2,4096,80,20.33,24
pak,cg,2,1,0,4096,80,13.52,16
pak,cg,2,1,0,4096,80,13.55,16
rand,cg,2,1,0,4096,80,13.53,16
rand,cg,2,1,0,4096,80,13.51,16
spr,cg,2,1,0,4096,80,13.55,16
spr,cg,2,1,0,4096,80,13.52,16
pak,cg,2,1,0,4096,80,23.15,20
pak,cg,2,1,0,4096,80,23.20,20
rand,cg,2,1,0,4096,80,24.71,20
rand,cg,2,1,0,4096,80,26.15,20
spr,cg,2,1,0,4096,80,24.07,20
spr,cg,2,1,0,4096,80,24.11,20
pak,cg,2,1,0,4096,80,27.71,24
rand,cg,2,1,0,4096,80,30.25,24
spr,cg,2,1,0,4096,80,27.21,24
pak,cg,1,2,0,4096,80,13.54,16
pak,cg,1,2,0,4096,80,13.51,16
rand,cg,1,2,0,4096,80,13.51,16
rand,cg,1,2,0,4096,80,13.56,16
spr,cg,1,2,0,4096,80,13.61,16
spr,cg,1,2,0,4096,80,13.52,16
pak,cg,1,2,0,4096,80,32.22,20
pak,cg,1,2,0,4096,80,32.04,20
rand,cg,1,2,0,4096,80,40.63,20
rand,cg,1,2,0,4096,80,37.37,20
spr,cg,1,2,0,4096,80,32.74,20
spr,cg,1,2,0,4096,80,32.62,20
pak,cg,1,2,0,4096,80,44.82,24
rand,cg,1,2,0,4096,80,45.94,24
spr,cg,1,2,0,4096,80,37.43,24
